YearWeek,pro_R,pro_D,era,arms_race_index,ari_rolling,Cycle
2000-12,0.0,-15875.3049,pre_CU,,,2004
2000-13,0.0,-8989.2894,pre_CU,,,2004
2002-12,0.0,-1332.24,pre_CU,,,2004
2002-36,0.0,1145.7264,pre_CU,0.0,0.0,2004
2003-00,817419.1662,18736.2903,pre_CU,0.022921275980230374,0.011460637990115187,2004
2003-01,228026.1984,760206.1194,pre_CU,0.29995312137183516,0.10762479911735517,2004
2003-02,193051.5678,1049004.1107,pre_CU,0.18403318521905196,0.12672689564277936,2004
2003-03,205954.31220000001,1827008.9565,pre_CU,0.11272758760556191,0.15490879254416984,2004
2003-04,272682.88320000004,1567177.1934000002,pre_CU,0.17399620435288043,0.19267752463733234,2004
2003-05,237020.4837,1757987.2674,pre_CU,0.1348249148872078,0.15139547301617554,2004
2003-06,205669.5459,1428782.4369,pre_CU,0.1439474202568146,0.1413740317756162,2004
2003-07,240066.3174,1332598.0395,pre_CU,0.18014908493342416,0.15822940610758174,2004
2003-08,328015.8063,2879513.5278,pre_CU,0.11391361878775752,0.143208759716301,2004
2003-09,233591.631,3530469.306,pre_CU,0.06616447014650806,0.12604364853112607,2004
2003-10,209709.56370000003,4744214.8845,pre_CU,0.04420321777269194,0.10110759791009542,2004
2003-11,243628.39409999998,3978130.2561000003,pre_CU,0.06124193488295768,0.0713808103974788,2004
2003-12,230853.87780000002,5920894.2156,pre_CU,0.03898969807495644,0.05264983021927853,2004
2003-13,816151.8729,7665280.977899999,pre_CU,0.10647383641292105,0.06272717178588177,2004
2003-14,293169.40380000003,867974.3436,pre_CU,0.3377627529680821,0.1361170555847293,2004
2003-15,197749.3791,1139546.4716999999,pre_CU,0.17353340474565573,0.16418992305040384,2004
2003-16,156714.7218,1734896.2176,pre_CU,0.0903308913871483,0.17702522137845178,2004
2003-17,219296.6958,1759545.9882,pre_CU,0.12463254570819064,0.18156489870226922,2004
2003-18,212130.9099,1358396.8671,pre_CU,0.1561626907700927,0.13616488315277184,2004
2003-19,304726.5858,1303570.1952,pre_CU,0.23376308151418526,0.15122230234490425,2004
2003-20,208319.0382,1413536.6154,pre_CU,0.14737434880033176,0.1654831666982001,2004
2003-21,601096.6962,1955018.9022000001,pre_CU,0.3074633680132609,0.21119087227446767,2004
2003-22,2412117.1074,2403375.9477,pre_CU,0.9963761462189444,0.4212442361366806,2004
2003-23,4241199.3624,2200082.7849,pre_CU,0.5187407138661414,0.49248864422466965,2004
2003-24,11592762.7998,3442959.4562999997,pre_CU,0.2969921420594751,0.5298930925394555,2004
2003-25,16539996.072600001,5269976.7393,pre_CU,0.3186201929050148,0.5326822987623939,2004
2003-26,21306790.759800002,10543772.0115,pre_CU,0.49485500328811455,0.4073020130296865,2004
2003-27,6895565.995499999,836941.4781,pre_CU,0.12137386236984497,0.3079603001556123,2004
2003-28,4352101.6812,1133704.5993,pre_CU,0.26049588965196346,0.29883623705373447,2004
2003-29,5854280.5503,1338999.4527,pre_CU,0.2287214357418152,0.27636154776293453,2004
2003-30,5047284.4968,2010278.5521,pre_CU,0.3982891301995212,0.25222007949078623,2004
2003-31,3426179.8935,1251850.9730999998,pre_CU,0.36537806303602366,0.3132211296573309,2004
2003-32,5645779.994399999,1895089.7511,pre_CU,0.3356648245202121,0.332013363374393,2004
2003-33,4406455.4079,1717612.0688999998,pre_CU,0.38979449691482715,0.372281628667646,2004
2003-34,5907187.1313,2151369.4293,pre_CU,0.36419523903359846,0.36375815587616533,2004
2003-35,4064141.3358,1953734.9559,pre_CU,0.48072515064622373,0.39259492777871535,2004
2003-36,4998111.5184,2533119.4707,pre_CU,0.5068153164199314,0.4353825507536452,2004
2003-37,7769900.1197999995,4688507.2689,pre_CU,0.603419245628692,0.48878873793211136,2004
2003-38,8135218.6461000005,5660088.252,pre_CU,0.6957512143467011,0.5716777317603869,2004
2003-39,9844439.2683,12902539.5681,pre_CU,0.7629846214646929,0.6422425994650043,2004
2003-40,4501935.3834,1226723.2614,pre_CU,0.2724879761542781,0.5836607643985909,2004
2003-41,4103112.6864,2327038.5957,pre_CU,0.5671398212905782,0.5745909083140626,2004
2003-42,5007102.473099999,3185812.1568,pre_CU,0.6362586294000088,0.5597177620773894,2004
2003-43,7995493.3149,2791272.6114000003,pre_CU,0.3491057401296709,0.456248041743634,2004
2003-44,5035282.6797,3624696.9759,pre_CU,0.7198596794799925,0.5680909675750625,2004
2003-45,6975856.7697,4364777.9448,pre_CU,0.6256977585547114,0.5827304518910958,2004
2003-46,5285459.033399999,3943090.6788000003,pre_CU,0.7460261547545307,0.6101723332297264,2004
2003-47,4844787.3474,4221662.0628,pre_CU,0.8713823249777092,0.740741479441736,2004
2003-48,5579234.6064,8776792.1241,pre_CU,0.63568038612651,0.7196966561033653,2004
2003-49,4131940.6947,7166385.408,pre_CU,0.5765724921921476,0.7074153395127244,2004
2003-50,3390334.311,6582416.3223,pre_CU,0.5150592343292203,0.6496736094063967,2004
2003-51,2489232.1545,5888692.3094999995,pre_CU,0.42271391060528296,0.5375065058132902,2004
2003-52,4242644.8428,16813170.219299998,pre_CU,0.252340563228809,0.44167155008886494,2004
2004-00,464701.965,1586552.9589,pre_CU,0.29290038028241455,0.37075352211143164,2004
2004-01,3997456.0626,5238246.1131,pre_CU,0.7631287221505332,0.43277089406675995,2004
2004-02,4120744.8828,5906782.4634,pre_CU,0.6976293622345557,0.5014997569740781,2004
2004-03,5956408.4034,11447623.5783,pre_CU,0.5203183318056429,0.5684941991182866,2004
2004-04,4880934.3492,9657985.6191,pre_CU,0.5053780924613595,0.6216136271630228,2004
2004-05,3379180.1316,8754736.8909,pre_CU,0.385983059652249,0.5273272115384517,2004
2004-06,4064214.609,10266031.6122,pre_CU,0.3958895474440336,0.45189225784082127,2004
2004-07,3813781.7990999995,4405024.9152,pre_CU,0.8657798474510657,0.538257636752177,2004
2004-08,5472350.6565000005,8133718.2108000005,pre_CU,0.6727981612682107,0.5801126539538898,2004
2004-09,6479467.476299999,16573478.5944,pre_CU,0.39095398346182686,0.5813553849062842,2004
2004-10,8722148.6352,26490458.3307,pre_CU,0.32925623733326775,0.5646970573785928,2004
2004-11,6754839.819,10363126.9287,pre_CU,0.6518148301641384,0.5112058030568609,2004
2004-12,4832332.5687,25426846.2084,pre_CU,0.19004844443128746,0.39051837384763016,2004
2004-13,5395302.2214,36028104.3759,pre_CU,0.14975259772504262,0.33021802741343403,2004
2004-14,5263423.7838,13068528.3456,pre_CU,0.4027556618930337,0.3485928835533756,2004
2004-15,4238331.715799999,20318225.382,pre_CU,0.20859753428834168,0.23778855958442638,2004
2004-16,3452051.9943,24748459.608599998,pre_CU,0.13948552956000643,0.2251478308666061,2004
2004-17,2680053.8856,19079453.6751,pre_CU,0.14046806220125974,0.22282669698566038,2004
2004-18,2739411.8388000005,13544571.0036,pre_CU,0.20225165035289008,0.1727006941006245,2004
2004-19,3368532.2033999995,11659189.9515,pre_CU,0.28891648711552426,0.19278043230742012,2004
2004-20,3061714.0008,14597068.9137,pre_CU,0.20974854738997945,0.2103461867649134,2004
2004-21,2695637.7630000003,26126540.3217,pre_CU,0.1031762234803464,0.20102322708468506,2004
2004-22,2311534.6527,9806165.678399999,pre_CU,0.23572257786665873,0.2093909589631272,2004
2004-23,2667355.9731,12357415.2702,pre_CU,0.2158506382424769,0.19112449674486537,2004
2004-24,3327389.3016,13812424.516800001,pre_CU,0.2408982794840188,0.1989119297683752,2004
2004-25,3821775.2391,17848627.1145,pre_CU,0.21412152400199103,0.22664825489878634,2004
2004-26,4266230.4867,29103860.2491,pre_CU,0.14658641328625566,0.2043642137536856,2004
2004-27,2575934.3337000003,13379761.2585,pre_CU,0.19252468589927496,0.1985327256678851,2004
2004-28,4978111.2654,16850507.9106,pre_CU,0.2954279652465825,0.21216514710852605,2004
2004-29,3974198.4828,19781962.1454,pre_CU,0.20090011565026378,0.20885979502059424,2004
2004-30,4315573.3257,51097122.640200004,pre_CU,0.08445824544931965,0.19332775306136024,2004
2004-31,7691689.3053,33697936.6815,pre_CU,0.2282540138287665,0.2022600850437331,2004
2004-32,4810578.7548,31628838.068099998,pre_CU,0.15209470371445044,0.16642676966070008,2004
2004-33,7132806.2988,30910687.4349,pre_CU,0.23075534356271346,0.17389057663881252,2004
2004-34,11599735.4109,23348849.8971,pre_CU,0.4968011470381127,0.27697630203601076,2004
2004-35,15696163.5831,25382474.289899997,pre_CU,0.6183858753811758,0.37450926742411306,2004
2004-36,13968794.521499999,18879939.078,pre_CU,0.7398749786103519,0.5214543361480884,2004
2004-37,14863638.480600001,30931057.384500004,pre_CU,0.4805409105751549,0.5839007279011988,2004
2004-38,14128403.5347,38693999.880899996,pre_CU,0.36513163741632243,0.5509833504957513,2004
2004-39,17852930.2497,61894678.0452,pre_CU,0.2884404736165279,0.4684970000545893,2004
2004-40,16362015.4698,44976583.9341,pre_CU,0.3637896442685317,0.3744756664691342,2004
2004-41,43330290.003000006,84093824.80590001,pre_CU,0.5152612585170459,0.383155753454607,2004
2004-42,38378297.3028,110328221.6127,pre_CU,0.3478556686749153,0.3788367612692552,2004
2004-43,31206070.0224,69056214.09959999,pre_CU,0.4518937278749656,0.4197000748338646,2004
2004-44,4239602.3397,7182245.725199999,pre_CU,0.5902892356947231,0.4763249726904125,2004
2001-35,1461.1000000000001,0.0,pre_CU,0.0,0.0,2008
2005-25,0.0,0.0,pre_CU,,0.0,2008
2005-42,0.0,-3652.75,pre_CU,,0.0,2008
2006-26,0.0,-3652.75,pre_CU,,0.0,2008
2006-45,0.0,1371.9729,pre_CU,0.0,0.0,2008
2007-01,2064695.0210000002,774162.3739,pre_CU,0.3749524099327016,0.1874762049663508,2008
2007-02,6063052.153899999,1278430.3558,pre_CU,0.21085590612603622,0.19526943868624594,2008
2007-03,2692773.6947,3341446.5729,pre_CU,0.8058706419366672,0.34791973949885124,2008
2007-04,2612744.8644,3563136.3537,pre_CU,0.7332710862122627,0.531237511051917,2008
2007-05,4003434.4554,3432264.1656,pre_CU,0.8573299260514727,0.6518318900816098,2008
2007-06,5219630.7178,3008321.6173,pre_CU,0.5763475962084852,0.7432048126022219,2008
2007-07,3542030.7641999996,4009651.4359000004,pre_CU,0.8833762287880669,0.7625812093150719,2008
2007-08,4834307.9647,4186308.6536000003,pre_CU,0.865958206255854,0.7957529893259696,2008
2007-09,5944282.257099999,4871848.007,pre_CU,0.8195855775827171,0.7863169022087807,2008
2007-10,4994418.2249,6865467.818500001,pre_CU,0.7274694684959143,0.824097370280638,2008
2007-11,8399367.126,6624431.6126000015,pre_CU,0.7886822320332044,0.8004238710919225,2008
2007-12,9408548.896,6792382.135400001,pre_CU,0.7219372732693934,0.7644186378453073,2008
2007-13,17112017.469600003,22406637.6838,pre_CU,0.7637030468865033,0.7504480051712539,2008
2007-14,1548928.1821,2042939.2420000003,pre_CU,0.7581861223555663,0.7581271686361669,2008
2007-15,2692818.9888000004,2293253.4329000004,pre_CU,0.8516181156023197,0.7738611395284456,2008
2007-16,2366339.116,2962076.3412,pre_CU,0.7988785039352988,0.793096447194922,2008
2007-17,6567705.8662,5411465.842300001,pre_CU,0.8239506994595379,0.8081583603381807,2008
2007-18,3413385.2925,4274957.973900001,pre_CU,0.7984605493995075,0.818226967099166,2008
2007-19,3876358.2051000004,3794313.0568,pre_CU,0.9788344771151293,0.8500310574773684,2008
2007-20,4597479.7268,3633450.3301,pre_CU,0.7903135078376958,0.8478898084529676,2008
2007-21,5671766.6517,6176468.5803000005,pre_CU,0.918286327852495,0.8714737155512069,2008
2007-22,3988916.9658000004,5441395.0147,pre_CU,0.7330688095651737,0.8551257805926235,2008
2007-23,4756226.7807,5724082.7983,pre_CU,0.8309150912548916,0.8181459341275641,2008
2007-24,8197986.6352,4209873.2744,pre_CU,0.5135252668409962,0.7489488738783892,2008
2007-25,8224090.6478,4609073.5553,pre_CU,0.560435646041056,0.6594862034255293,2008
2007-26,17401042.0439,17717907.878700003,pre_CU,0.9821160694045075,0.7217480183853628,2008
2007-27,394492.6167,761574.9974,pre_CU,0.5179957562246515,0.6435181846278027,2008
2007-28,2348529.7681,1575322.9536000001,pre_CU,0.6707698471603631,0.6828293297076445,2008
2007-29,2115446.3295,1488324.6763000002,pre_CU,0.7035511397974231,0.7186082031467363,2008
2007-30,2775419.3551000003,2053806.9038000002,pre_CU,0.7399987681234572,0.6580788778264738,2008
2007-31,3138524.6216,3124696.7712000003,pre_CU,0.995594155832064,0.7774784777283269,2008
2007-32,2155736.1620000005,2149425.6711,pre_CU,0.9970726979436362,0.8590541904241451,2008
2007-33,2350800.3175000004,2748559.9538000003,pre_CU,0.8552843514473533,0.8969874933366276,2008
2007-34,3083579.9561,1980209.8357,pre_CU,0.6421788518188766,0.8725325142604825,2008
2007-35,4052948.2122000004,4096626.3356000003,pre_CU,0.9893380260190114,0.8709684818072194,2008
2007-36,2927099.0683000004,3027719.1809,pre_CU,0.9667670260720513,0.8633920638393231,2008
2007-37,4621327.801,2721493.0763000003,pre_CU,0.5888985143428046,0.796795604563186,2008
2007-38,5280694.4701000005,5611689.1419,pre_CU,0.941016926734482,0.8715051232920873,2008
2007-39,14401320.4612,14273519.505300002,pre_CU,0.9911257473754355,0.8719520536311933,2008
2007-40,1754005.2559000002,1370003.3372000002,pre_CU,0.7810713979286429,0.8255281465953412,2008
2007-41,3409558.6716000005,1659035.217,pre_CU,0.48658356602541347,0.7999494095159935,2008
2007-42,3759161.9129999997,2503087.8483,pre_CU,0.6658632711838716,0.7311609956283409,2008
2007-43,4028815.2235000003,2297616.2775,pre_CU,0.5702957693611882,0.625953501124779,2008
2007-44,4176129.1699,4773841.802300001,pre_CU,0.874794210375378,0.6493842042364628,2008
2007-45,5144886.6862,2692864.2829,pre_CU,0.5234059459702003,0.6585897992226595,2008
2007-46,4322396.9687,4324481.9584,pre_CU,0.9995178637071315,0.7420034473534745,2008
2007-47,3664517.6994000003,1753526.0151000002,pre_CU,0.4785148166666268,0.7190582091798341,2008
2007-48,5003744.426200001,4085796.6624,pre_CU,0.8165478318609651,0.7044966145512308,2008
2007-49,5536566.685400001,5349689.0731999995,pre_CU,0.9662466610051316,0.8152067933099637,2008
2007-50,6275482.944,8591329.3662,pre_CU,0.730443762136393,0.7479382679172791,2008
2007-51,6463907.861100001,6376462.4872,pre_CU,0.9864717480850478,0.8749275007718844,2008
2007-52,4061540.9413,9780451.4456,pre_CU,0.41527131583759297,0.7746083717660414,2008
2007-53,3497845.6391000003,2011852.8784,pre_CU,0.5751691429464143,0.676838992251362,2008
2008-00,2691990.5451,4694416.4063,pre_CU,0.5734451978923931,0.6375893511903621,2008
2008-01,8680051.741500001,6835719.822500001,pre_CU,0.7875206307605165,0.5878515718592292,2008
2008-02,6950460.0055,4643649.0257,pre_CU,0.6681067184079058,0.6510604225018074,2008
2008-03,8325016.1303,8201627.696400002,pre_CU,0.9851785952160609,0.7535627855692191,2008
2008-04,10525478.024400001,15427434.9191,pre_CU,0.6822571658603395,0.7807657775612056,2008
2008-05,5267334.1717,14052164.316400003,pre_CU,0.3748414872684486,0.6775959916881886,2008
2008-06,3257129.4141,10002287.3364,pre_CU,0.32563845694042004,0.5919789263213173,2008
2008-07,1429582.6119000001,14563569.7718,pre_CU,0.09816155203020044,0.3702246655248521,2008
2008-08,-2555487.2775999997,14149776.0241,pre_CU,-0.18060266630704794,0.1545097074830053,2008
2008-09,-211969.08249999996,8615417.060800001,pre_CU,-0.024603461562465227,0.05464847027527683,2008
2008-10,5955323.7898,6756016.817500001,pre_CU,0.8814844531431629,0.19360996932596256,2008
2008-11,5260795.7492,7049364.7867,pre_CU,0.7462794036599605,0.35563943223340255,2008
2008-12,4939784.773700001,3598337.1749000004,pre_CU,0.7284400717330791,0.5829001167434343,2008
2008-13,-1539226.4781000002,11429315.945500001,pre_CU,-0.1346735434946158,0.5553825962603968,2008
2008-14,6055699.898700001,4157476.7673000004,pre_CU,0.6865394317496647,0.5066463409120221,2008
2008-15,5145097.0846,10348692.2299,pre_CU,0.4971736496070979,0.44436990239880647,2008
2008-16,2926697.2658000006,8266953.477400001,pre_CU,0.3540236767753605,0.3507658036593769,2008
2008-17,5055800.497,13301167.683000002,pre_CU,0.38010200438730907,0.47945969062985805,2008
2008-18,3894293.2076000003,5299674.159100001,pre_CU,0.7348174794695935,0.49152920255984023,2008
2008-19,5399826.7197,6027069.6442,pre_CU,0.8959290398936055,0.5912180501314672,2008
2008-20,4818925.5039,5431238.908600001,pre_CU,0.8872608229900467,0.7245273366851388,2008
2008-21,14063354.881300002,6966479.5059,pre_CU,0.49536398424840333,0.7533428316504123,2008
2008-22,3597704.5186,7589784.765900001,pre_CU,0.4740193074728625,0.6881432886512295,2008
2008-23,4355587.3163,7468295.762,pre_CU,0.5832103407663624,0.6099636138694187,2008
2008-24,4744494.147700001,9806767.3177,pre_CU,0.48379797276690517,0.5090979013136333,2008
2008-25,4748700.6546,10024178.997700002,pre_CU,0.4737246467455904,0.5036880669379301,2008
2008-26,24766832.874300003,8815171.3473,pre_CU,0.3559264679517142,0.474164857057643,2008
2008-27,5013864.0048,7142238.147100001,pre_CU,0.7020017957306289,0.5038627207987096,2008
2008-28,5515916.959100001,6493629.5573,pre_CU,0.8494351133564624,0.595272005946099,2008
2008-29,3535452.892,5897404.3247,pre_CU,0.5994930476773522,0.6267141061790394,2008
2008-30,17374711.5608,39260898.119100004,pre_CU,0.4425449338446843,0.6483687226522818,2008
2008-31,5525761.8509,6042666.886700001,pre_CU,0.9144574662989091,0.701482640294352,2008
2008-32,7557161.3251,7918852.2468,pre_CU,0.9543253352345147,0.727705195763865,2008
2008-33,15317482.7608,21447299.879200004,pre_CU,0.7141916626836176,0.7563798495154315,2008
2008-34,29432093.0301,37981583.7978,pre_CU,0.7749043111731636,0.8394696938475513,2008
2008-35,4798173.5006,24406861.6673,pre_CU,0.19659117038502869,0.6600031198690811,2008
2008-36,4444435.3462000005,35699496.0911,pre_CU,0.1244957445578066,0.45254572219990413,2008
2008-37,7778725.451300001,36701820.918800004,pre_CU,0.21194385609667274,0.3269837705531679,2008
2008-38,25559066.133,30641080.225100003,pre_CU,0.834143768601963,0.34179363491036774,2008
2008-39,7357865.824000001,62343784.021400005,pre_CU,0.11802084104285929,0.3221510525748254,2008
2008-40,21239378.043700002,26071386.237000003,pre_CU,0.81466239848641,0.4946927160569763,2008
2008-41,19906371.2196,59542028.3388,pre_CU,0.3343247076893449,0.5252879289551443,2008
2008-42,59250426.384100005,54669534.5256,pre_CU,0.9226859258564036,0.5474234682687544,2008
2008-43,35038355.6466,40747434.409,pre_CU,0.859891086513682,0.7328910296364601,2008
2008-44,4183712.2789000003,20747051.6321,pre_CU,0.20165334106687852,0.5796387652815772,2008
2008-12,1658.6933,0.0,post_CU,0.0,0.0,2012
2010-37,680.35,0.0,post_CU,0.0,0.0,2012
2010-40,340.175,0.0,post_CU,0.0,0.0,2012
2010-42,340.175,0.0,post_CU,0.0,0.0,2012
2010-45,680.35,0.0,post_CU,0.0,0.0,2012
2010-47,680.35,0.0,post_CU,0.0,0.0,2012
2010-51,1360.7,0.0,post_CU,0.0,0.0,2012
2010-52,1700.875,0.0,post_CU,0.0,0.0,2012
2011-00,34300.5256,27337.8237,post_CU,0.797008886067915,0.19925222151697874,2012
2011-01,145305.0709,431177.25529999996,post_CU,0.3369961404826448,0.2835012566376399,2012
2011-02,167514.4163,267350.336,post_CU,0.6265726791530944,0.44014442642591356,2012
2011-03,743759.9807,271806.6285,post_CU,0.36544938629823215,0.5315067730004716,2012
2011-04,455018.08,408844.08619999996,post_CU,0.8985227272727272,0.5568852333016747,2012
2011-05,329602.36100000003,336820.87450000003,post_CU,0.9785686872563476,0.7172783699951004,2012
2011-06,209374.99109999998,139871.7958,post_CU,0.6680444262476198,0.7276463067687318,2012
2011-07,650040.4075,268573.6053,post_CU,0.4131644774713486,0.7395750795620109,2012
2011-08,485172.55270000006,437965.7876,post_CU,0.9027010806005142,0.7406196678939576,2012
2011-09,554199.503,696980.4754,post_CU,0.7951435119928469,0.6947633740780823,2012
2011-10,438425.7042,486157.6995,post_CU,0.9018178764851589,0.7532067366374672,2012
2011-11,589237.528,676503.3011,post_CU,0.8710046603496168,0.8676667823570342,2012
2011-12,396536.5547,159294.4276,post_CU,0.40171435826519025,0.7424201017732032,2012
2011-13,1548736.4937,1078030.9034,post_CU,0.6960712217896644,0.7176520292224076,2012
2011-14,370518.61,3310988.5886000004,post_CU,0.11190573452162454,0.520173993731524,2012
2011-15,2206292.0473,3129528.358,post_CU,0.7049918693531136,0.4786707959823982,2012
2011-16,1654958.1785,2528128.8934,post_CU,0.6546178016557928,0.5418966568300488,2012
2011-17,2281107.4154,3858912.5432,post_CU,0.5911270053061097,0.5156606027091601,2012
2011-18,2313595.4886000003,2575317.9694,post_CU,0.8983727508953094,0.7122773568025814,2012
2011-19,3347328.8034999995,2645353.1984,post_CU,0.7902878246182428,0.7336013456188637,2012
2011-20,5723795.4356,2280628.449,post_CU,0.39844688278258356,0.6695586159005613,2012
2011-21,3518687.1973000006,1433658.0126,post_CU,0.407441165472194,0.6236371559420825,2012
2011-22,2819432.9921999997,3474082.0905999998,post_CU,0.8115619949881676,0.601934466965297,2012
2011-23,3205421.4005,3802301.9804000002,post_CU,0.8430212584437576,0.6151178254216757,2012
2011-24,2198967.3992,4486282.328,post_CU,0.49015359231310507,0.6380445028043061,2012
2011-25,4265510.1137,2730771.1409,post_CU,0.6401980227708961,0.6962337171289816,2012
2011-26,9370157.1139,5054995.057200001,post_CU,0.5394781534347225,0.6282127567406204,2012
2011-27,1344919.9621000001,1012458.7704,post_CU,0.7528022476661848,0.605658004046227,2012
2011-28,1605503.537,2047907.9280000003,post_CU,0.7839725190028171,0.679112735718655,2012
2011-29,2117118.5728,1607363.6138999998,post_CU,0.7592222913495946,0.7088688028633297,2012
2011-30,2517787.5734,3342521.4504,post_CU,0.7532599598122837,0.7623142544577199,2012
2011-31,1433962.8094,1731100.2291,post_CU,0.8283534282388246,0.78120204960088,2012
2011-32,1843684.5471000003,1428139.0134,post_CU,0.7746113702836924,0.7788617624210988,2012
2011-33,4107140.9621,1395704.0075,post_CU,0.3398237412300478,0.6740121248912121,2012
2011-34,5344458.128900001,1398000.8691,post_CU,0.2615795344228354,0.5510920185438501,2012
2011-35,8267249.8931,3366230.2872,post_CU,0.4071765497265927,0.4457977989157921,2012
2011-36,2723036.9221,2301547.8507999997,post_CU,0.8452136040171835,0.4634483573491649,2012
2011-37,5091489.031199999,3811660.875,post_CU,0.7486338184453754,0.5656508766529967,2012
2011-38,4752805.358399999,3582167.9344,post_CU,0.7536954838827891,0.6886798640179851,2012
2011-39,12804698.6232,9737215.4638,post_CU,0.7604408155423333,0.7769959304719203,2012
2011-40,1818873.5433000003,1743766.9854,post_CU,0.9587071029887356,0.8053693052148083,2012
2011-41,3685541.6741,3059968.0133,post_CU,0.8302627629484712,0.8257765413405823,2012
2011-42,5389135.3527,2493150.7391999997,post_CU,0.46262537049675534,0.7530090129940739,2012
2011-43,4196371.586,1793476.0778,post_CU,0.42738733714226423,0.6697456433940566,2012
2011-44,5864554.407799999,1885203.5862,post_CU,0.32145725917260376,0.5104331824400237,2012
2011-45,4811154.8958,1904845.2907,post_CU,0.39592266970304263,0.40184815912866645,2012
2011-46,5878214.4751,1719073.0018000002,post_CU,0.292448159059517,0.3593038562693569,2012
2011-47,4253020.2484,1402017.6555,post_CU,0.32965224090514117,0.33487008221007614,2012
2011-48,5386354.0819,2798825.1907,post_CU,0.5196140372770914,0.38440927673619807,2012
2011-49,8200298.0103,3366888.8660000004,post_CU,0.41058128153038015,0.38807392969303245,2012
2011-50,9055220.377500001,5611615.2455,post_CU,0.6197105107947992,0.469889517626853,2012
2011-51,5997911.172,2987399.1609000005,post_CU,0.49807325837802524,0.511994771995074,2012
2011-52,10889863.0731,11310859.571,post_CU,0.962779442600508,0.6227861233259282,2012
2012-00,176314.06320000003,119038.11809999999,post_CU,0.6751481755880717,0.688927846840351,2012
2012-01,4330250.859,2579602.8137,post_CU,0.5957167142726961,0.6829293977098253,2012
2012-02,9412647.6928,11221374.496199999,post_CU,0.8388141484795374,0.7681146202352033,2012
2012-03,7107118.433800001,7132582.573600001,post_CU,0.9964298850329121,0.7765272308433042,2012
2012-04,10768057.291199999,11589884.713,post_CU,0.9290909752641299,0.840012930762319,2012
2012-05,3684163.285,5761524.9252,post_CU,0.6394423929133851,0.8509443504224911,2012
2012-06,5232663.0169,3929870.3268000004,post_CU,0.7510268316739769,0.8289975212211009,2012
2012-07,9748539.2092,6984790.1431,post_CU,0.7164960814342559,0.759014070321437,2012
2012-08,7331499.2245000005,11145971.3057,post_CU,0.6577712272371188,0.6911841333146841,2012
2012-09,14699306.007100001,12338684.7265,post_CU,0.8394059366163421,0.7411750192404234,2012
2012-10,5358695.132999999,7878172.6958,post_CU,0.6801951848373189,0.7234671075312589,2012
2012-11,5251480.137200001,7731877.0353,post_CU,0.6791986102759123,0.7141427397416731,2012
2012-12,5231730.9374,5923446.8645,post_CU,0.88322408507696,0.7705059542016334,2012
2012-13,7568923.6854,16155233.2359,post_CU,0.4685121888912388,0.6777825172703574,2012
2012-14,1518388.8016000001,3025958.6775,post_CU,0.5017876856317381,0.6331806424689623,2012
2012-15,5973019.8869,4580234.5809,post_CU,0.7668205811511443,0.6550861351877703,2012
2012-16,5033104.115600001,5148845.2576,post_CU,0.9775209515513875,0.6786603518063772,2012
2012-17,6744723.202800001,6694076.5881,post_CU,0.9924909276219112,0.8096550364890454,2012
2012-18,9229117.837500002,5882027.1565,post_CU,0.6373336282044192,0.8435415221322156,2012
2012-19,12486703.0332,10981834.1468,post_CU,0.8794822874862315,0.8717069487159874,2012
2012-20,9219685.465099998,11170182.2408,post_CU,0.8253836209962936,0.8336726160772139,2012
2012-21,12420472.321400002,7296719.7325,post_CU,0.5874752218503019,0.7324186896343116,2012
2012-22,7415636.7483,11447834.436500002,post_CU,0.6477763798414276,0.7350293775435636,2012
2012-23,10996331.044599999,10194489.5844,post_CU,0.9270810002947518,0.7469290557456938,2012
2012-24,10061682.543,6672529.903600001,post_CU,0.6631624358136938,0.7063737594500438,2012
2012-25,18376635.856700003,9886940.088299999,post_CU,0.5380168691047597,0.6940091712636582,2012
2012-26,13476970.1473,17232313.01,post_CU,0.7820755193733565,0.7275839561466405,2012
2012-27,10802067.987699999,4722742.0526,post_CU,0.43720721420913566,0.6051155096252364,2012
2012-28,21742668.8424,12780316.2399,post_CU,0.5877988729229656,0.5862746189025543,2012
2012-29,22526768.1353,27294905.8613,post_CU,0.825310343613953,0.6580979875298527,2012
2012-30,26345783.5938,12681337.5612,post_CU,0.4813422047611566,0.5829146588768027,2012
2012-31,36181833.502100006,16732481.6362,post_CU,0.46245532679345397,0.5892266870228823,2012
2012-32,35234182.1513,13914801.2256,post_CU,0.3949233493159597,0.5410078061211308,2012
2012-33,46893663.947900005,12250548.1054,post_CU,0.2612410094252958,0.3999904725739665,2012
2012-34,36808665.810399994,16670694.9706,post_CU,0.4529013644903649,0.3928802625062686,2012
2012-35,22792987.7296,31047679.722400002,post_CU,0.7341285382158693,0.46079856536187247,2012
2012-36,31878693.229900002,32208348.6582,post_CU,0.9897649074841324,0.6095089549039157,2012
2012-37,41316983.3142,22996117.1077,post_CU,0.556577834659981,0.6833431612125869,2012
2012-38,31636709.0633,31772819.8843,post_CU,0.9957161239859841,0.8190468510864918,2012
2012-39,57946115.7033,37460352.6649,post_CU,0.6464687444574763,0.7971319026468934,2012
2012-40,61207289.064899996,26524428.5361,post_CU,0.43335408153717314,0.6580291961601537,2012
2012-41,66867534.3677,24248996.6004,post_CU,0.36264230212312637,0.6095453130259401,2012
2012-42,62683429.4922,42960477.5952,post_CU,0.6853562088613192,0.5319553342447737,2012
2012-43,132167343.6732,49399948.163499996,post_CU,0.3737681850188912,0.46378019438512746,2012
2012-44,118684525.2373,34452674.9919,post_CU,0.29028784437579114,0.42801363509478196,2012
2012-45,9486852.106600001,6156979.7234000005,post_CU,0.6490013393501297,0.4996033944015328,2012
2016-30,290.976,0.0,post_CU,0.0,0.0,2020
2016-31,436.464,0.0,post_CU,0.0,0.0,2020
2016-33,174.5856,0.0,post_CU,0.0,0.0,2020
2016-34,567.4032,0.0,post_CU,0.0,0.0,2020
2016-35,178.22279999999998,0.0,post_CU,0.0,0.0,2020
2016-49,4724.7228,0.0,post_CU,0.0,0.0,2020
2016-50,86455.03159999999,0.0,post_CU,0.0,0.0,2020
2016-51,37549.240399999995,0.0,post_CU,0.0,0.0,2020
2016-52,10456.949999999999,0.0,post_CU,0.0,0.0,2020
2017-01,-2081.6908,1.2124,post_CU,-1717.0,-429.25,2020
2017-02,-820.7948,3.6372,post_CU,-225.66666666666666,-485.6666666666667,2020
2017-03,-232.7808,0.0,post_CU,,-647.5555555555555,2020
2017-04,-193.98399999999998,0.0,post_CU,,-971.3333333333334,2020
2017-05,6652.4388,1.2124,post_CU,0.0001822489520685256,-112.8332422088573,2020
2017-06,-196.40879999999999,3.6372,post_CU,-53.99999999999999,-26.99990887552396,2020
2017-07,-1490.0395999999998,0.0,post_CU,,-26.99990887552396,2020
2017-08,-1761.6172,0.0,post_CU,,-26.99990887552396,2020
2017-09,-1323.9407999999999,1.2124,post_CU,-1092.0,-573.0,2020
2017-10,-574.6776,3.6372,post_CU,-158.0,-625.0,2020
2017-11,-837.7683999999999,0.0,post_CU,,-625.0,2020
2017-12,-1938.6275999999998,0.0,post_CU,,-625.0,2020
2017-13,-1596.7307999999998,0.0,post_CU,,-158.0,2020
2017-14,-298.25039999999996,1.2124,post_CU,-245.99999999999997,-245.99999999999997,2020
2017-15,-175.79799999999997,3.6372,post_CU,-48.33333333333333,-147.16666666666666,2020
2017-16,-1562.7836,7.2744,post_CU,-214.83333333333334,-169.7222222222222,2020
2017-17,-1168.7536,9.6992,post_CU,-120.50000000000001,-157.41666666666666,2020
2017-18,143.0632,6.061999999999999,post_CU,0.0423728813559322,-95.90607344632768,2020
2017-19,-249.75439999999998,3.6372,post_CU,-68.66666666666666,-100.98940677966101,2020
2017-20,-792.9096,0.0,post_CU,,-63.04143126177024,2020
2017-21,-212.17,0.0,post_CU,,-34.312146892655356,2020
2017-22,-174.5856,556.4916,post_CU,-0.3137254901960785,-34.49019607843137,2020
2017-23,-1888.9191999999998,1.2124,post_CU,-1558.0,-779.156862745098,2020
2017-24,-760.1747999999999,2.4248,post_CU,-313.5,-623.937908496732,2020
2017-25,-2598.1731999999997,0.0,post_CU,,-623.937908496732,2020
2017-26,-58.195199999999986,714.1036,post_CU,-0.08149405772495753,-623.8604980192416,2020
2017-27,-567.4032,135.78879999999998,post_CU,-4.178571428571429,-105.92002182876547,2020
2017-28,-526.1816,3.6372,post_CU,-144.66666666666666,-49.64224405098768,2020
2017-29,-1035.3896,1.2124,post_CU,-854.0,-250.73168303824076,2020
2017-30,-600.1379999999999,0.0,post_CU,,-334.281746031746,2020
2017-31,-35.159600000000005,912.9372,post_CU,-0.03851261620185924,-332.9017264276228,2020
2017-32,-3535.3584,3.6372,post_CU,-972.0,-608.6795042054006,2020
2017-33,-2436.924,1.2124,post_CU,-2010.0,-994.012837538734,2020
2017-34,-1755.5552,0.0,post_CU,,-994.012837538734,2020
2017-35,381.90599999999995,991.7432,post_CU,0.3850855745721271,-993.8716381418093,2020
2017-36,-1223.3116,3.6372,post_CU,-336.3333333333333,-781.9827492529204,2020
2017-37,315.22400000000005,1.2124,post_CU,0.0038461538461538455,-111.98146720163834,2020
2017-38,-5073.893999999999,2.4248,post_CU,-2092.5,-607.1111004012288,2020
2017-39,-147.91279999999998,991.7432,post_CU,-0.14914425427872857,-607.2446578584415,2020
2017-40,-598.9255999999999,2.4248,post_CU,-246.99999999999997,-584.9113245251082,2020
2017-41,-4585.2968,3.6372,post_CU,-1260.6666666666667,-900.0789527302363,2020
2017-42,321.2859999999999,2.4248,post_CU,0.0075471698113207565,-376.9520659377836,2020
2017-43,-181.85999999999999,1.2124,post_CU,-150.0,-414.4147798742139,2020
2017-44,-812.308,1048.7259999999999,post_CU,-0.7745664739884394,-352.858421492711,2020
2017-45,-704.4043999999999,4.8496,post_CU,-145.25,-74.00425482604427,2020
2017-46,-647.4215999999999,4.8496,post_CU,-133.5,-107.38114161849711,2020
2017-47,-47.28359999999991,2.4248,post_CU,-19.499999999999964,-74.75614161849711,2020
2017-48,2519.3671999999997,982.044,post_CU,0.3897978825794033,-74.46505052935515,2020
2017-49,-4725.9352,7.2744,post_CU,-649.6666666666666,-200.5692171960218,2020
2017-50,-425.5524,7.2744,post_CU,-58.5,-181.8192171960218,2020
2017-51,-1639.1648,4.8496,post_CU,-338.0,-261.4442171960218,2020
2017-52,-613.4744,2.4248,post_CU,-253.0,-324.79166666666663,2020
2018-01,-311.5868,791.6972,post_CU,-0.39356814701378257,-162.47339203675344,2020
2018-02,-389.18039999999996,13.3364,post_CU,-29.18181818181818,-155.143846582208,2020
2018-03,-1561.5711999999999,7.2744,post_CU,-214.66666666666666,-124.31051324887466,2020
2018-04,-665.6075999999999,3.6372,post_CU,-182.99999999999997,-106.81051324887466,2020
2018-05,-2070.7792,807.4584,post_CU,-2.5645645645645647,-107.35326235326234,2020
2018-06,-487.3848,10.9116,post_CU,-44.666666666666664,-111.22447447447448,2020
2018-07,60.61999999999993,10.9116,post_CU,0.1800000000000002,-57.512807807807796,2020
2018-08,-3828.7592,4.8496,post_CU,-789.5,-209.1378078078078,2020
2018-09,-562.5536,697.1299999999999,post_CU,-0.8069565217391305,-208.69840579710146,2020
2018-10,-191.55919999999998,15.761199999999999,post_CU,-12.153846153846153,-200.5702006688963,2020
2018-11,363.71999999999997,10.9116,post_CU,0.030000000000000002,-200.6077006688963,2020
2018-12,-1226.9488,6.061999999999999,post_CU,-202.4,-53.83270066889632,2020
2018-13,-317.64879999999994,515.27,post_CU,-0.616470588235294,-53.78507918552037,2020
2018-14,-3701.4572,135.78879999999998,post_CU,-27.258928571428573,-57.561349789915965,2020
2018-15,343.10920000000004,13.3364,post_CU,0.03886925795053003,-57.559132475428335,2020
2018-16,-135.78879999999998,8.486799999999999,post_CU,-16.0,-10.959132475428333,2020
2018-17,-122.45239999999998,4.8496,post_CU,-25.249999999999996,-17.117514828369508,2020
2018-18,3228.6211999999996,841.4055999999999,post_CU,0.26060833646263615,-10.237630601396708,2020
2018-19,-135.78879999999998,19.3984,post_CU,-6.999999999999999,-11.997347915884339,2020
2018-20,-54.558,8.486799999999999,post_CU,-6.42857142857143,-9.604490773027198,2020
2018-21,166.09879999999998,7.2744,post_CU,0.043795620437956206,-3.2810418679177094,2020
2018-22,3758.4399999999996,848.68,post_CU,0.22580645161290325,-3.2897423391301426,2020
2018-23,636.51,15.761199999999999,post_CU,0.02476190476190476,-1.5335518629396663,2020
2018-24,484.96,9.6992,post_CU,0.02,0.07859099420319106,2020
2018-25,0.0,8.486799999999999,post_CU,0.0,0.06764208909370201,2020
2018-26,9925.9188,3614.1643999999997,post_CU,0.3641138390130695,0.10221893594374357,2020
2018-27,30.31,531.0312,post_CU,0.05707762557077625,0.11029786614596143,2020
2018-28,121.24,489.8096,post_CU,0.24752475247524752,0.1671790542647733,2020
2018-29,-21.8232,243.6924,post_CU,-0.08955223880597016,0.14479099456328076,2020
2018-30,1617.3416,304.31239999999997,post_CU,0.1881559220389805,0.10080151531975853,2020
2018-31,1500.9512,1018.4159999999999,post_CU,0.678513731825525,0.2561605418834457,2020
2018-32,412.21599999999995,122.45239999999998,post_CU,0.29705882352941176,0.2685440596469868,2020
2018-33,-838.9807999999999,872.928,post_CU,-0.961111111111111,0.05065434157070159,2020
2018-34,-841.4055999999998,7023.4331999999995,post_CU,-0.11979975832901776,-0.026334578521297988,2020
2018-35,-898.3883999999999,6149.292799999999,post_CU,-0.14609621451104102,-0.2324870651054395,2020
2018-36,939.6099999999999,4053.0531999999994,post_CU,0.23182769967095423,-0.24879484607005387,2020
2018-37,-219.44439999999997,992.9555999999999,post_CU,-0.221001221001221,-0.06376737354258136,2020
2018-38,-394.03,140.6384,post_CU,-2.8017241379310347,-0.7342484684430856,2020
2018-39,-282.4892,1560.3587999999997,post_CU,-0.18104118104118105,-0.7429847100756206,2020
2018-40,181975.17799999999,3948.7867999999994,post_CU,0.021699590259502313,-0.7955167374284835,2020
2018-41,124438.3112,1020.8408,post_CU,0.008203589313899336,-0.7382155348497034,2020
2018-42,134759.4724,426.7648,post_CU,0.0031668630961484826,-0.03699278459290762,2020
2018-43,290265.53359999997,3290.4535999999994,post_CU,0.011336012096201558,0.011101513691438034,2020
2018-44,198494.128,1106.9212,post_CU,0.005576594185194234,0.007070764672861014,2020
2018-45,115226.49599999998,533.456,post_CU,0.00462962962962963,0.006177274751793587,2020
2018-46,39775.2068,139552.08959999998,post_CU,0.28502050319710875,0.07664068477703366,2020
2018-47,55363.033599999995,40031.023199999996,post_CU,0.7230641205325858,0.25457271188612973,2020
2018-48,64785.806399999994,29655.303999999996,post_CU,0.4577438431020286,0.36761452411533835,2020
2018-49,58202.4744,23444.178799999998,post_CU,0.40280381618964295,0.46715807075534166,2020
2018-50,86526.56319999999,3725.7052,post_CU,0.043058513619549384,0.40666757336095183,2020
2018-51,139917.022,11886.369599999998,post_CU,0.08495299163814392,0.24713979113734133,2020
2018-52,113552.17159999999,779.5731999999999,post_CU,0.0068653306142495655,0.13442016301539658,2020
2018-53,18333.9128,1515.4999999999998,post_CU,0.08266102367411718,0.054384464886515126,2020
2019-00,995762.306,760228.1455999999,post_CU,0.7634634701667448,0.23448570402331398,2020
2019-01,1092369.9752,2018564.7691999997,post_CU,0.5411617164174175,0.34853788521813234,2020
2019-02,1319500.9912,1269113.6472,post_CU,0.9618133337253684,0.587274885995912,2020
2019-03,586983.46,2021487.8655999997,post_CU,0.2903719928221171,0.6392026282829121,2020
2019-04,1734505.5111999998,3776406.5555999996,post_CU,0.45930052436433705,0.5631618918323101,2020
2019-05,1290787.722,2159680.8548,post_CU,0.5976752162853873,0.5772902667993025,2020
2019-06,1575879.9447999997,2338468.6331999996,post_CU,0.673893984476302,0.505310429487036,2020
2019-07,1547036.9488,2332532.7227999996,post_CU,0.66324340648174,0.5985282829019417,2020
2019-08,2324507.8471999997,6712755.7,post_CU,0.3462822052648214,0.5702737031270628,2020
2019-09,1398153.0163999998,3099189.0132,post_CU,0.451135122912806,0.5336386797839174,2020
2019-10,1185745.386,5574921.9372,post_CU,0.21269273352292709,0.41833836704557376,2020
2019-11,1629800.2223999999,3204214.3756,post_CU,0.5086426909544135,0.3796881881637421,2020
2019-12,1999927.7563999998,8417552.5616,post_CU,0.23759017146188816,0.35251517971300883,2020
2019-13,2154469.9595999997,2721402.7484,post_CU,0.7916762635984996,0.4376504648844322,2020
2019-14,1486433.9223999998,3531391.4272,post_CU,0.42092018204240145,0.48970732701430075,2020
2019-15,1514788.3212,4284788.9112,post_CU,0.3535269420718715,0.4509283897936653,2020
2019-16,1420969.172,8241248.990799999,post_CU,0.17242157997971894,0.43463624192312295,2020
2019-17,2475565.6128,9970804.2728,post_CU,0.2482814369903193,0.29878753527107793,2020
2019-18,1540922.8155999999,4163099.1108,post_CU,0.3701383931990726,0.28609208806024566,2020
2019-19,1896862.8448,5143020.1984,post_CU,0.36882274842904883,0.28991603964954005,2020
2019-20,1112455.8059999999,4117207.346,post_CU,0.27019669220224884,0.3143598177051725,2020
2019-21,2077386.7799999998,7957511.0188,post_CU,0.26105986848049273,0.31755442557771585,2020
2019-22,1125266.0244,4371807.7088,post_CU,0.25739147267043677,0.2893676954455569,2020
2019-23,1740207.4283999996,5388045.026,post_CU,0.32297566557121044,0.2779059247310973,2020
2019-24,4072894.1259999997,4825354.424799999,post_CU,0.8440611336376214,0.4213720350899405,2020
2019-25,6310562.610799999,16672426.503599998,post_CU,0.3785029497318455,0.4507328054027786,2020
2019-26,1149437.6431999998,2271513.8432,post_CU,0.506022733095356,0.5128906205090085,2020
2019-27,1483743.6067999997,3460475.7263999996,post_CU,0.42876867925427326,0.5393388739297742,2020
2019-28,1654530.7576,3831237.3455999997,post_CU,0.43185284761857745,0.43628680242501316,2020
2019-29,1690158.3439999998,4200546.5095999995,post_CU,0.40236629689429304,0.4422526392156251,2020
2019-30,2295091.386,9113895.714,post_CU,0.2518233100335429,0.37870278345017183,2020
2019-31,1676578.2515999998,5213166.0252,post_CU,0.32160461483397296,0.3519117673450967,2020
2019-32,1042670.0619999999,4186429.324,post_CU,0.24905951619022243,0.306213434488008,2020
2019-33,1152923.2932,4614776.306,post_CU,0.2498329749377022,0.2680801039988603,2020
2019-34,3375205.2095999997,8866295.7488,post_CU,0.380678166533844,0.3002938181239355,2020
2019-35,1814047.4379999998,3942952.7312000003,post_CU,0.4600733413935479,0.33491099976382926,2020
2019-36,1673964.3172,6348337.3576,post_CU,0.26368546958141575,0.3385674881116276,2020
2019-37,1775742.8723999998,6278531.002799999,post_CU,0.28282776203670607,0.34681618488637855,2020
2019-38,4434402.7084,7453969.776399999,post_CU,0.5949048415033497,0.40037285362875497,2020
2019-39,4164783.1343999994,11195312.511599999,post_CU,0.3720113333222872,0.3783573516109398,2020
2019-40,2093915.4292,5123334.4596,post_CU,0.40870168553537706,0.41461140559943016,2020
2019-41,1773223.5052,7509270.977599999,post_CU,0.23613790346486221,0.40293894095646915,2020
2019-42,2252648.8992,5784197.938399999,post_CU,0.3894487918964817,0.3515749285547522,2020
2019-43,4336865.1284,12809352.746399999,post_CU,0.3385702005605906,0.34321464536432805,2020
2019-44,2065432.5159999998,5617380.185199999,post_CU,0.3676860828187763,0.33296074468517783,2020
2019-45,2121683.0264,8657587.150799999,post_CU,0.2450663203781838,0.33519284891350826,2020
2019-46,2717991.0548,5746163.737999999,post_CU,0.4730096771913464,0.3560830702372244,2020
2019-47,1450115.268,10371378.807999998,post_CU,0.13981894739795336,0.3063952569465651,2020
2019-48,2173260.9472,7226094.3467999995,post_CU,0.30075180905469434,0.28966168850554463,2020
2019-49,2233655.4407999995,6762924.812,post_CU,0.3302795022704741,0.3109649839786172,2020
2019-50,3349576.2859999994,11975072.4212,post_CU,0.27971240324777463,0.26264066549272425,2020
2019-51,1207050.8912,4791673.952799999,post_CU,0.2519058899019337,0.2906624011187193,2020
2019-52,1442936.6475999998,10586583.4452,post_CU,0.13629861371887955,0.24954910228476565,2020
2020-00,1202737.172,3869949.2775999997,post_CU,0.3107888723404389,0.24467644480225686,2020
2020-01,1433769.6911999998,7527516.385199999,post_CU,0.19047048426476534,0.22236596505650452,2020
2020-02,2855126.8312,8134178.309599999,post_CU,0.35100371820351717,0.24714042213190038,2020
2020-03,2190550.9836,10084124.875999998,post_CU,0.21722767325238745,0.2673726870152774,2020
2020-04,3847671.4276,17215182.823999997,post_CU,0.2235045347433599,0.2455516026160076,2020
2020-05,4365459.5824,12754211.581999999,post_CU,0.34227592621726355,0.2835029631041322,2020
2020-06,4888165.2316,9380480.650799999,post_CU,0.5210996550782417,0.32602694732281334,2020
2020-07,2877330.7248000004,12825946.865199998,post_CU,0.22433671018916493,0.3278042065570077,2020
2020-08,4218804.0412,26877564.6608,post_CU,0.15696377608768178,0.3111690168930881,2020
2020-09,3383581.6812,16729879.7148,post_CU,0.20224781880569842,0.27616199004019687,2020
2020-10,1540874.3195999998,11390444.654399998,post_CU,0.1352778022589994,0.17970652683538627,2020
2020-11,1909709.4352,9906720.445999999,post_CU,0.19276908494688336,0.1718146205248159,2020
2020-12,2112012.924,9821274.131199999,post_CU,0.2150446974380448,0.18633485086240661,2020
2020-13,2860441.9927999997,19604309.1664,post_CU,0.14590883914963637,0.17225010594839113,2020
2020-14,1295245.7168,14473707.5812,post_CU,0.08948955957092872,0.16080304527637346,2020
2020-15,4599786.1924,13759293.6068,post_CU,0.3343039493049798,0.19618676136589758,2020
2020-16,2559453.9935999997,12346344.4608,post_CU,0.2073045994890504,0.19425173687864897,2020
2020-17,7250358.107999999,19258438.1192,post_CU,0.3764769532775164,0.251893765410619,2020
2020-18,3160898.9607999995,13195331.197999999,post_CU,0.2395467694876119,0.2894080678897898,2020
2020-19,5242223.616,17380419.607599996,post_CU,0.30161663149419676,0.281236238437094,2020
2020-20,2532478.0936,12234563.6056,post_CU,0.20699374127580938,0.28115852388378376,2020
2020-21,4305687.05,21966716.637599997,post_CU,0.19600958673223107,0.23604168224746241,2020
2020-22,5023961.306,25947185.874399997,post_CU,0.1936225889897655,0.2245606371230008,2020
2020-23,11386344.317599999,26564024.6844,post_CU,0.42863777055164193,0.25631592188736213,2020
2020-24,5269623.856,16185497.565999998,post_CU,0.32557688353490066,0.28596170745213495,2020
2020-25,6649136.222399999,27135753.7276,post_CU,0.2450323027378122,0.29821738645353024,2020
2020-26,7613303.3844,41091171.2204,post_CU,0.18527832520432813,0.2961313205071709,2020
2020-27,8465201.093999999,28537834.919999998,post_CU,0.2966308102114426,0.26312958042212103,2020
2020-28,6731581.8472,24734013.5756,post_CU,0.2721588967607213,0.2497750837285762,2020
2020-29,18846465.8116,27506873.004799996,post_CU,0.6851547905249448,0.3598057056753593,2020
2020-30,16882984.0116,43030761.466,post_CU,0.392346856909325,0.41157283860160854,2020
2020-31,23576599.5528,29420813.716,post_CU,0.8013578339601898,0.5377545945387954,2020
2020-32,20125918.806,36286370.612799995,post_CU,0.5546412734620695,0.6083751887141324,2020
2020-33,35284985.195599996,40796122.7688,post_CU,0.8649102610943508,0.6533140563564839,2020
2020-34,21623666.8452,30389920.195599996,post_CU,0.7115407577914857,0.733112531577024,2020
2020-35,53601182.406799994,67731184.28719999,post_CU,0.7913811484458227,0.7306183601984323,2020
2020-36,28926721.919199996,47978681.044,post_CU,0.6029078184261057,0.7426849964394413,2020
2020-37,57975995.6552,63449665.21879999,post_CU,0.9137320970138364,0.7548904554193128,2020
2020-38,23682388.727199998,62338728.55,post_CU,0.3798984881156996,0.6719798880003662,2020
2020-39,96734109.18360001,153500192.6836,post_CU,0.6301888453195088,0.6316818122187877,2020
2020-40,40289783.3072,120211304.06039998,post_CU,0.33515802546286716,0.5647443639779781,2020
2020-41,59287015.9084,170350340.0536,post_CU,0.3480299240362279,0.423318820733576,2020
2020-42,95444807.864,168383972.74159998,post_CU,0.5668283406667715,0.470051283871344,2020
2020-43,98890527.47,114230580.93159999,post_CU,0.8657097483310057,0.5289315096242182,2020
2020-44,8519173.5048,9871090.434799999,post_CU,0.8630427976595282,0.6609027026733835,2020
